esz_id,station_id,est_population,total_points,data_quality_flag,total_units,pct_hydrant_1000ft,pct_flood_ae,sfr_units,sfr_pct,sfr_grnd_sqft,sfr_avg_yrbl,sfr_hyd_pct,sfr_flood_pct,mobile_units,mobile_pct,mobile_grnd_sqft,mobile_avg_yrbl,mobile_hyd_pct,mobile_flood_pct,multifamily_units,multifamily_pct,multifamily_grnd_sqft,multifamily_avg_yrbl,multifamily_hyd_pct,multifamily_flood_pct,alf_units,alf_pct,alf_grnd_sqft,alf_avg_yrbl,alf_hyd_pct,alf_flood_pct,retail_units,retail_pct,retail_grnd_sqft,retail_avg_yrbl,retail_hyd_pct,retail_flood_pct,industrial_units,industrial_pct,industrial_grnd_sqft,industrial_avg_yrbl,industrial_hyd_pct,industrial_flood_pct,institutional_units,institutional_pct,institutional_grnd_sqft,institutional_avg_yrbl,institutional_hyd_pct,institutional_flood_pct,school_units,school_pct,school_grnd_sqft,school_avg_yrbl,school_hyd_pct,school_flood_pct,government_units,government_pct,government_grnd_sqft,government_avg_yrbl,government_hyd_pct,government_flood_pct,vacant_units,vacant_pct,vacant_grnd_sqft,vacant_avg_yrbl,vacant_hyd_pct,vacant_flood_pct
81-001-N,ST81,54,37,,37,0.0,100.0,24,64.9,84620,1998,0.0,100.0,0,0.0,0,,,,0,0.0,0,,,,0,0.0,0,,,,0,0.0,0,,,,0,0.0,0,,,,0,0.0,0,,,,0,0.0,0,,,,2,5.4,0,,0.0,100.0,11,29.7,0,,0.0,100.0
81-002-N,ST81,111,58,,59,0.0,98.2,48,81.4,194118,2002,0.0,97.8,0,0.0,0,,,,2,3.4,5672,1999,0.0,100.0,0,0.0,0,,,,0,0.0,0,,,,0,0.0,0,,,,0,0.0,0,,,,0,0.0,0,,,,0,0.0,0,,,,9,15.3,0,,0.0,100.0
81-003-N,ST81,125,67,,72,0.0,91.7,48,66.7,154159,2001,0.0,87.8,0,0.0,0,,,,10,13.9,27783,1998,0.0,100.0,0,0.0,0,,,,0,0.0,0,,,,0,0.0,0,,,,0,0.0,0,,,,0,0.0,0,,,,0,0.0,0,,,,14,19.4,0,,0.0,100.0
81-004-N,ST81,34,195,,195,0.0,100.0,15,7.7,44964,2006,0.0,100.0,0,0.0,0,,,,0,0.0,0,,,,0,0.0,0,,,,2,1.0,0,,0.0,100.0,0,0.0,0,,,,0,0.0,0,,,,0,0.0,0,,,,0,0.0,0,,,,178,91.3,0,,0.0,100.0
81-005-N,ST81,278,389,,390,0.0,89.5,122,31.3,299835,2009,0.0,84.5,0,0.0,0,,,,2,0.5,3681,1998,0.0,100.0,0,0.0,0,,,,1,0.3,0,,0.0,100.0,0,0.0,0,,,,0,0.0,0,,,,0,0.0,0,,,,3,0.8,0,,0.0,100.0,262,67.2,0,,0.0,91.6
81-006-N,ST81,476,513,,519,3.1,62.2,206,39.7,535360,2009,0.0,67.2,0,0.0,0,,,,7,1.3,15442,1995,0.0,100.0,0,0.0,0,,,,0,0.0,0,,,,0,0.0,0,,,,0,0.0,0,,,,0,0.0,0,,,,2,0.4,0,,0.0,100.0,304,58.6,0,,5.3,56.5
81-007-N,ST81,234,523,,523,4.8,99.8,104,19.9,250717,2012,6.7,100.0,0,0.0,0,,,,0,0.0,0,,,,0,0.0,0,,,,0,0.0,0,,,,0,0.0,0,,,,0,0.0,0,,,,0,0.0,0,,,,0,0.0,0,,,,419,80.1,0,,4.3,99.7
81-008-N,ST81,338,334,,334,59.0,72.6,150,44.9,348778,2003,77.3,62.7,0,0.0,0,,,,0,0.0,0,,,,0,0.0,0,,,,1,0.3,0,,0.0,100.0,0,0.0,0,,,,1,0.3,0,,0.0,100.0,0,0.0,0,,,,0,0.0,0,,,,182,54.5,0,,44.5,80.0
81-009-N,ST81,707,585,,585,66.7,46.1,314,53.7,708915,2007,73.9,45.2,0,0.0,0,,,,0,0.0,0,,,,0,0.0,0,,,,1,0.2,0,,0.0,0.0,0,0.0,0,,,,0,0.0,0,,,,0,0.0,0,,,,0,0.0,0,,,,270,46.2,0,,58.5,47.7
81-010-N,ST81,795,773,,773,59.9,57.4,353,45.7,835327,2010,63.2,40.3,0,0.0,0,,,,0,0.0,0,,,,0,0.0,0,,,,0,0.0,0,,,,0,0.0,0,,,,0,0.0,0,,,,1,0.1,151941,,100.0,100.0,1,0.1,0,,100.0,100.0,418,54.1,0,,56.9,68.0
81-011-N,ST81,529,553,,553,79.7,88.9,235,42.5,547855,2008,81.3,85.7,0,0.0,0,,,,0,0.0,0,,,,0,0.0,0,,,,0,0.0,0,,,,0,0.0,0,,,,0,0.0,0,,,,0,0.0,0,,,,0,0.0,0,,,,318,57.5,0,,78.6,91.1
81-012-H,ST81,616,416,,417,98.8,14.3,272,65.2,614713,2004,98.9,14.7,0,0.0,0,,,,2,0.5,6000,2003,100.0,,0,0.0,0,,,,0,0.0,0,,,,0,0.0,0,,,,0,0.0,0,,,,0,0.0,0,,,,0,0.0,0,,,,143,34.3,0,,98.6,13.6
81-013-N,ST81,759,546,,547,89.9,46.4,337,61.6,808146,2004,90.5,43.0,0,0.0,0,,,,0,0.0,0,,,,0,0.0,0,,,,0,0.0,0,,,,0,0.0,0,,,,0,0.0,0,,,,0,0.0,0,,,,0,0.0,0,,,,210,38.4,0,,89.0,51.4
81-014-N,ST81,374,352,,352,52.0,94.7,166,47.2,384839,2005,59.6,94.1,0,0.0,0,,,,0,0.0,0,,,,0,0.0,0,,,,0,0.0,0,,,,0,0.0,0,,,,0,0.0,0,,,,0,0.0,0,,,,0,0.0,0,,,,186,52.8,0,,45.2,94.9
81-015-N,ST81,448,307,,307,70.0,25.0,199,64.8,452180,2004,71.4,25.0,0,0.0,0,,,,0,0.0,0,,,,0,0.0,0,,,,0,0.0,0,,,,0,0.0,0,,,,0,0.0,0,,,,0,0.0,0,,,,0,0.0,0,,,,108,35.2,0,,67.6,
81-016-H,ST81,574,396,,396,100.0,47.3,255,64.4,612131,2005,100.0,45.5,0,0.0,0,,,,0,0.0,0,,,,0,0.0,0,,,,1,0.3,0,,100.0,,0,0.0,0,,,,0,0.0,0,,,,0,0.0,0,,,,0,0.0,0,,,,140,35.4,0,,100.0,50.0
81-017-H,ST81,0,1,,1,0.0,100.0,0,0.0,0,,,,0,0.0,0,,,,0,0.0,0,,,,0,0.0,0,,,,0,0.0,0,,,,0,0.0,0,,,,1,100.0,0,,0.0,100.0,0,0.0,0,,,,0,0.0,0,,,,0,0.0,0,,,
81-018-H,ST81,0,3,,3,33.3,100.0,0,0.0,0,,,,0,0.0,0,,,,0,0.0,0,,,,0,0.0,0,,,,0,0.0,0,,,,0,0.0,0,,,,0,0.0,0,,,,1,33.3,707665,,0.0,100.0,1,33.3,58695,,100.0,100.0,1,33.3,0,,0.0,100.0
81-019-H,ST81,434,200,,200,100.0,93.3,192,96.0,711273,2006,100.0,100.0,0,0.0,0,,,,1,0.5,0,,100.0,,0,0.0,0,,,,7,3.5,127453,,100.0,50.0,0,0.0,0,,,,0,0.0,0,,,,0,0.0,0,,,,0,0.0,0,,,,0,0.0,0,,,
81-020-H,ST81,30,24,,51,100.0,66.7,0,0.0,0,,,,0,0.0,0,,,,0,0.0,0,,,,28,54.9,235017,2021,100.0,,20,39.2,116359,,100.0,55.6,0,0.0,0,,,,0,0.0,0,,,,1,2.0,0,,100.0,100.0,2,3.9,161564,,100.0,100.0,0,0.0,0,,,
81-021-H,ST81,1029,582,,582,100.0,67.1,457,78.5,1050892,1998,100.0,68.3,0,0.0,0,,,,0,0.0,0,,,,0,0.0,0,,,,0,0.0,0,,,,0,0.0,0,,,,0,0.0,0,,,,0,0.0,0,,,,0,0.0,0,,,,125,21.5,0,,100.0,63.2
81-022-N,ST81,182,84,,84,100.0,35.7,81,96.4,235625,2003,100.0,35.7,0,0.0,0,,,,0,0.0,0,,,,0,0.0,0,,,,0,0.0,0,,,,0,0.0,0,,,,0,0.0,0,,,,0,0.0,0,,,,0,0.0,0,,,,3,3.6,0,,100.0,
81-023-N,ST81,677,252,,395,83.5,86.5,192,48.6,621122,2004,81.2,64.9,0,0.0,0,,,,146,37.0,179168,2024,100.0,99.3,0,0.0,0,,,,13,3.3,13239,,100.0,40.0,0,0.0,0,,,,1,0.3,11798,,100.0,100.0,0,0.0,0,,,,0,0.0,0,,,,43,10.9,0,,32.6,72.4
81-024-N,ST81,1082,680,,681,94.4,84.2,479,70.3,1123380,2000,94.8,87.0,0,0.0,0,,,,2,0.3,7818,1997,100.0,,0,0.0,0,,,,0,0.0,0,,,,0,0.0,0,,,,0,0.0,0,,,,0,0.0,0,,,,0,0.0,0,,,,200,29.4,0,,93.5,72.7
81-025-H,ST81,718,323,,323,100.0,81.0,318,98.5,819773,2003,100.0,81.1,0,0.0,0,,,,1,0.3,0,,100.0,100.0,0,0.0,0,,,,2,0.6,50469,,100.0,100.0,0,0.0,0,,,,0,0.0,0,,,,0,0.0,0,,,,0,0.0,0,,,,2,0.6,0,,100.0,50.0
81-026-N,ST81,617,408,,409,78.5,40.2,272,66.5,695771,2004,80.9,46.4,0,0.0,0,,,,3,0.7,3533,1994,100.0,66.7,0,0.0,0,,,,0,0.0,0,,,,0,0.0,0,,,,0,0.0,0,,,,0,0.0,0,,,,0,0.0,0,,,,134,32.8,0,,73.1,26.7
81-027-N,ST81,1119,808,,810,90.4,87.3,494,61.0,1172459,2001,91.3,85.2,0,0.0,0,,,,4,0.5,9701,1997,100.0,100.0,0,0.0,0,,,,0,0.0,0,,,,0,0.0,0,,,,1,0.1,2400,,100.0,0.0,0,0.0,0,,,,2,0.2,180,,100.0,100.0,309,38.1,0,,88.7,91.2
81-028-H,ST81,800,437,,437,100.0,84.7,322,73.7,731384,1995,100.0,82.7,0,0.0,0,,,,45,10.3,36627,1995,100.0,100.0,0,0.0,0,,,,0,0.0,0,,,,0,0.0,0,,,,0,0.0,0,,,,0,0.0,0,,,,0,0.0,0,,,,70,16.0,0,,100.0,60.0
82-001-H,ST82,944,458,,458,100.0,64.8,416,90.8,885755,1994,100.0,63.5,0,0.0,0,,,,4,0.9,0,,100.0,100.0,1,0.2,4663,1998,100.0,100.0,0,0.0,0,,,,0,0.0,0,,,,1,0.2,21419,,100.0,100.0,0,0.0,0,,,,1,0.2,0,,100.0,100.0,35,7.6,0,,100.0,75.0
82-002-H,ST82,1214,564,,567,100.0,12.2,501,88.4,871081,1975,100.0,13.1,0,0.0,0,,,,51,9.0,53809,1985,100.0,0.0,0,0.0,0,,,,0,0.0,0,,,,0,0.0,0,,,,5,0.9,57522,,100.0,40.0,1,0.2,0,,100.0,0.0,4,0.7,0,,100.0,50.0,5,0.9,0,,100.0,0.0
82-003-H,ST82,288,130,,130,100.0,97.1,128,98.5,255676,1998,100.0,97.0,0,0.0,0,,,,0,0.0,0,,,,0,0.0,0,,,,0,0.0,0,,,,0,0.0,0,,,,0,0.0,0,,,,0,0.0,0,,,,2,1.5,0,,100.0,100.0,0,0.0,0,,,
82-004-H,ST82,1506,731,,735,100.0,29.4,602,81.9,857804,1965,100.0,19.1,0,0.0,0,,,,90,12.2,89421,1992,100.0,92.2,0,0.0,0,,,,4,0.5,17584,,100.0,100.0,27,3.7,105157,,100.0,25.9,4,0.5,41315,,100.0,75.0,0,0.0,0,,,,0,0.0,0,,,,8,1.1,0,,100.0,50.0
82-005-H,ST82,365,204,,204,100.0,55.0,91,44.6,156535,1979,100.0,10.1,0,0.0,0,,,,95,46.6,201353,2002,100.0,100.0,1,0.5,41984,1985,100.0,100.0,5,2.5,27819,,100.0,60.0,7,3.4,70361,,100.0,14.3,3,1.5,56717,,100.0,33.3,0,0.0,0,,,,2,1.0,12588,,100.0,50.0,0,0.0,0,,,
82-006-H,ST82,1003,575,,576,100.0,98.5,194,33.7,472456,2003,100.0,95.9,0,0.0,0,,,,338,58.7,457545,2003,100.0,100.0,0,0.0,0,,,,0,0.0,0,,,,0,0.0,0,,,,0,0.0,0,,,,0,0.0,0,,,,2,0.3,28582,,100.0,100.0,42,7.3,0,,100.0,88.2
82-007-H,ST82,488,226,,226,100.0,66.0,216,95.6,485170,1995,100.0,64.9,0,0.0,0,,,,1,0.4,0,,100.0,100.0,0,0.0,0,,,,0,0.0,0,,,,0,0.0,0,,,,0,0.0,0,,,,0,0.0,0,,,,0,0.0,0,,,,9,4.0,0,,100.0,100.0
82-008-H,ST82,776,398,,398,100.0,71.9,342,85.9,562863,1967,100.0,71.3,0,0.0,0,,,,3,0.8,156,1970,100.0,66.7,1,0.3,111578,2015,100.0,100.0,42,10.6,178717,,100.0,71.4,1,0.3,12495,,100.0,100.0,2,0.5,58042,,100.0,50.0,2,0.5,0,,100.0,100.0,1,0.3,21624,,100.0,100.0,4,1.0,0,,100.0,100.0
82-009-H,ST82,723,377,,385,100.0,82.9,210,54.5,426791,1970,100.0,74.8,0,0.0,0,,,,149,38.7,213734,1999,100.0,94.6,0,0.0,0,,,,21,5.5,182160,,100.0,76.2,0,0.0,0,,,,1,0.3,5310,,100.0,100.0,0,0.0,0,,,,2,0.5,0,,100.0,100.0,2,0.5,0,,100.0,100.0
82-010-H,ST82,680,381,,381,100.0,78.6,197,51.7,309509,1986,100.0,40.8,0,0.0,0,,,,141,37.0,140045,2005,100.0,100.0,0,0.0,0,,,,4,1.0,0,,100.0,100.0,0,0.0,0,,,,0,0.0,0,,,,0,0.0,0,,,,0,0.0,0,,,,39,10.2,0,,100.0,70.4
82-011-H,ST82,773,339,,369,100.0,47.1,327,88.6,633956,1982,100.0,40.4,0,0.0,0,,,,2,0.5,1749,1980,100.0,0.0,31,8.4,120035,2006,100.0,96.8,1,0.3,0,,100.0,100.0,0,0.0,0,,,,1,0.3,19436,,100.0,100.0,1,0.3,0,,100.0,0.0,0,0.0,0,,,,6,1.6,0,,100.0,100.0
82-012-H,ST82,1247,667,,667,100.0,58.5,554,83.1,1286766,1994,100.0,58.5,0,0.0,0,,,,0,0.0,0,,,,0,0.0,0,,,,1,0.1,0,,100.0,,0,0.0,0,,,,1,0.1,4348,,100.0,,0,0.0,0,,,,0,0.0,0,,,,111,16.6,0,,100.0,58.2
82-013-H,ST82,421,365,,365,92.6,60.9,187,51.2,435480,2004,93.0,62.6,0,0.0,0,,,,0,0.0,0,,,,0,0.0,0,,,,0,0.0,0,,,,0,0.0,0,,,,0,0.0,0,,,,0,0.0,0,,,,0,0.0,0,,,,178,48.8,0,,92.1,59.1
82-014-H,ST82,1303,597,,598,100.0,98.2,575,96.2,1322221,1988,100.0,98.1,1,0.2,2396,2014,100.0,100.0,4,0.7,3945,1969,100.0,100.0,0,0.0,0,,,,0,0.0,0,,,,0,0.0,0,,,,0,0.0,0,,,,1,0.2,0,,100.0,100.0,0,0.0,0,,,,17,2.8,0,,100.0,100.0
82-015-H,ST82,1178,534,,534,100.0,87.1,523,97.9,909509,1981,100.0,87.0,0,0.0,0,,,,0,0.0,0,,,,0,0.0,0,,,,0,0.0,0,,,,0,0.0,0,,,,2,0.4,39796,,100.0,100.0,0,0.0,0,,,,3,0.6,1680,,100.0,100.0,6,1.1,0,,100.0,83.3
82-016-H,ST82,1331,711,,744,100.0,69.4,206,27.7,358438,1979,100.0,83.0,390,52.4,604664,1981,100.0,73.3,64,8.6,73834,1973,100.0,34.4,0,0.0,0,,,,33,4.4,287605,,100.0,9.1,0,0.0,0,,,,2,0.3,59645,,100.0,0.0,3,0.4,20444,,100.0,100.0,0,0.0,0,,,,46,6.2,0,,100.0,67.4
82-017-H,ST82,704,503,,503,100.0,2.0,0,0.0,0,,,,361,71.8,574363,1984,100.0,0.0,0,0.0,0,,,,0,0.0,0,,,,75,14.9,406903,,100.0,13.3,0,0.0,0,,,,0,0.0,0,,,,0,0.0,0,,,,0,0.0,0,,,,67,13.3,0,,100.0,0.0
82-018-H,ST82,2,36,,36,100.0,57.6,0,0.0,0,,,,0,0.0,0,,,,1,2.8,0,,100.0,100.0,0,0.0,0,,,,28,77.8,957833,,100.0,44.0,0,0.0,0,,,,0,0.0,0,,,,0,0.0,0,,,,0,0.0,0,,,,7,19.4,0,,100.0,100.0
82-019-H,ST82,840,421,,423,100.0,43.6,370,87.5,796314,1988,100.0,44.1,0,0.0,0,,,,4,0.9,7686,2000,100.0,50.0,0,0.0,0,,,,0,0.0,0,,,,0,0.0,0,,,,1,0.2,6946,,100.0,100.0,1,0.2,0,,100.0,100.0,0,0.0,0,,,,47,11.1,0,,100.0,36.2
82-020-H,ST82,538,367,,367,100.0,81.5,239,65.1,551655,1998,100.0,82.6,0,0.0,0,,,,0,0.0,0,,,,0,0.0,0,,,,0,0.0,0,,,,0,0.0,0,,,,1,0.3,2400,,100.0,0.0,0,0.0,0,,,,0,0.0,0,,,,127,34.6,0,,100.0,80.3
82-022-N,ST82,0,1,,1,0.0,100.0,0,0.0,0,,,,0,0.0,0,,,,0,0.0,0,,,,0,0.0,0,,,,0,0.0,0,,,,0,0.0,0,,,,0,0.0,0,,,,0,0.0,0,,,,1,100.0,0,,0.0,100.0,0,0.0,0,,,
82-024-N,ST82,0,3,,3,0.0,100.0,0,0.0,0,,,,0,0.0,0,,,,0,0.0,0,,,,0,0.0,0,,,,0,0.0,0,,,,0,0.0,0,,,,0,0.0,0,,,,0,0.0,0,,,,3,100.0,0,,0.0,100.0,0,0.0,0,,,
82-025-H,ST82,0,1,,1,100.0,100.0,0,0.0,0,,,,0,0.0,0,,,,0,0.0,0,,,,0,0.0,0,,,,1,100.0,21398,,100.0,100.0,0,0.0,0,,,,0,0.0,0,,,,0,0.0,0,,,,0,0.0,0,,,,0,0.0,0,,,
82-026-H,ST82,0,1,,1,100.0,100.0,0,0.0,0,,,,0,0.0,0,,,,0,0.0,0,,,,0,0.0,0,,,,1,100.0,0,,100.0,100.0,0,0.0,0,,,,0,0.0,0,,,,0,0.0,0,,,,0,0.0,0,,,,0,0.0,0,,,
83-001-N,ST83,0,1,,1,0.0,100.0,0,0.0,0,,,,0,0.0,0,,,,0,0.0,0,,,,0,0.0,0,,,,0,0.0,0,,,,0,0.0,0,,,,0,0.0,0,,,,0,0.0,0,,,,1,100.0,0,,0.0,100.0,0,0.0,0,,,
83-004-N,ST83,0,1,,1,0.0,100.0,0,0.0,0,,,,0,0.0,0,,,,0,0.0,0,,,,0,0.0,0,,,,0,0.0,0,,,,0,0.0,0,,,,0,0.0,0,,,,0,0.0,0,,,,1,100.0,0,,0.0,100.0,0,0.0,0,,,
83-005-N,ST83,0,1,,1,0.0,100.0,0,0.0,0,,,,0,0.0,0,,,,0,0.0,0,,,,0,0.0,0,,,,0,0.0,0,,,,0,0.0,0,,,,0,0.0,0,,,,0,0.0,0,,,,1,100.0,0,,0.0,100.0,0,0.0,0,,,
83-007-N,ST83,0,1,,1,0.0,100.0,0,0.0,0,,,,0,0.0,0,,,,0,0.0,0,,,,0,0.0,0,,,,0,0.0,0,,,,0,0.0,0,,,,0,0.0,0,,,,0,0.0,0,,,,1,100.0,0,,0.0,100.0,0,0.0,0,,,
83-009-N,ST83,0,1,,1,0.0,100.0,0,0.0,0,,,,0,0.0,0,,,,0,0.0,0,,,,0,0.0,0,,,,0,0.0,0,,,,0,0.0,0,,,,0,0.0,0,,,,0,0.0,0,,,,1,100.0,0,,0.0,100.0,0,0.0,0,,,
83-018-N,ST83,0,1,,1,0.0,100.0,0,0.0,0,,,,0,0.0,0,,,,0,0.0,0,,,,0,0.0,0,,,,0,0.0,0,,,,0,0.0,0,,,,0,0.0,0,,,,0,0.0,0,,,,1,100.0,0,,0.0,100.0,0,0.0,0,,,
83-019-N,ST83,0,1,,1,0.0,100.0,0,0.0,0,,,,0,0.0,0,,,,0,0.0,0,,,,0,0.0,0,,,,0,0.0,0,,,,0,0.0,0,,,,0,0.0,0,,,,0,0.0,0,,,,1,100.0,0,,0.0,100.0,0,0.0,0,,,
83-021-N,ST83,0,1,,1,0.0,100.0,0,0.0,0,,,,0,0.0,0,,,,0,0.0,0,,,,0,0.0,0,,,,0,0.0,0,,,,0,0.0,0,,,,0,0.0,0,,,,0,0.0,0,,,,1,100.0,0,,0.0,100.0,0,0.0,0,,,
83-022-H,ST83,267,297,,297,100.0,85.7,117,39.4,305556,2022,100.0,66.7,0,0.0,0,,,,2,0.7,0,,100.0,100.0,0,0.0,0,,,,1,0.3,0,,100.0,,0,0.0,0,,,,0,0.0,0,,,,0,0.0,0,,,,0,0.0,0,,,,177,59.6,0,,100.0,100.0
83-023-N,ST83,190,257,,257,59.1,65.6,82,31.9,252561,2023,75.6,73.3,0,0.0,0,,,,3,1.2,0,,0.0,100.0,0,0.0,0,,,,3,1.2,0,,33.3,66.7,0,0.0,0,,,,1,0.4,0,,100.0,100.0,0,0.0,0,,,,0,0.0,0,,,,168,65.4,0,,52.4,62.3
83-024-H,ST83,0,7,,7,57.1,100.0,0,0.0,0,,,,0,0.0,0,,,,0,0.0,0,,,,0,0.0,0,,,,5,71.4,0,,60.0,100.0,0,0.0,0,,,,0,0.0,0,,,,1,14.3,217736,,100.0,100.0,1,14.3,0,,0.0,100.0,0,0.0,0,,,
83-030-H,ST83,438,252,,252,93.3,100.0,194,77.0,420592,2014,100.0,100.0,0,0.0,0,,,,1,0.4,0,,100.0,,0,0.0,0,,,,0,0.0,0,,,,0,0.0,0,,,,0,0.0,0,,,,0,0.0,0,,,,0,0.0,0,,,,57,22.6,0,,70.2,100.0
83-031-N,ST83,0,1,,1,0.0,100.0,0,0.0,0,,,,0,0.0,0,,,,0,0.0,0,,,,0,0.0,0,,,,0,0.0,0,,,,0,0.0,0,,,,0,0.0,0,,,,0,0.0,0,,,,1,100.0,0,,0.0,100.0,0,0.0,0,,,
83-033-N,ST83,0,1,,1,0.0,100.0,0,0.0,0,,,,0,0.0,0,,,,0,0.0,0,,,,0,0.0,0,,,,0,0.0,0,,,,0,0.0,0,,,,0,0.0,0,,,,0,0.0,0,,,,1,100.0,0,,0.0,100.0,0,0.0,0,,,
83-034-N,ST83,0,1,,1,0.0,100.0,0,0.0,0,,,,0,0.0,0,,,,0,0.0,0,,,,0,0.0,0,,,,0,0.0,0,,,,0,0.0,0,,,,0,0.0,0,,,,0,0.0,0,,,,1,100.0,0,,0.0,100.0,0,0.0,0,,,
83-035-H,ST83,865,392,,392,99.7,54.5,382,97.4,1192255,2018,100.0,44.4,0,0.0,0,,,,3,0.8,0,,66.7,100.0,0,0.0,0,,,,1,0.3,0,,100.0,,0,0.0,0,,,,0,0.0,0,,,,0,0.0,0,,,,0,0.0,0,,,,6,1.5,0,,100.0,
83-036-H,ST83,101,46,,46,97.8,100.0,45,97.8,162200,2012,100.0,100.0,0,0.0,0,,,,0,0.0,0,,,,0,0.0,0,,,,0,0.0,0,,,,0,0.0,0,,,,1,2.2,0,,0.0,100.0,0,0.0,0,,,,0,0.0,0,,,,0,0.0,0,,,
83-041-N,ST83,596,506,,507,51.7,98.9,263,51.9,677244,2010,49.8,100.0,0,0.0,0,,,,2,0.4,3279,2005,0.0,,0,0.0,0,,,,3,0.6,0,,33.3,100.0,0,0.0,0,,,,0,0.0,0,,,,0,0.0,0,,,,0,0.0,0,,,,239,47.1,0,,54.4,97.6
83-042-N,ST83,536,592,,592,69.3,58.2,238,40.2,626791,2012,65.5,49.0,0,0.0,0,,,,0,0.0,0,,,,0,0.0,0,,,,0,0.0,0,,,,0,0.0,0,,,,0,0.0,0,,,,0,0.0,0,,,,1,0.2,11938,,100.0,100.0,353,59.6,0,,71.7,63.3
83-043-N,ST83,476,437,,438,55.3,76.3,210,47.9,562623,2010,58.6,77.0,0,0.0,0,,,,2,0.5,4021,2002,0.0,100.0,0,0.0,0,,,,0,0.0,0,,,,0,0.0,0,,,,0,0.0,0,,,,0,0.0,0,,,,0,0.0,0,,,,226,51.6,0,,52.7,74.5
83-044-N,ST83,525,471,,473,53.1,77.4,230,48.6,589134,2011,53.9,78.4,0,0.0,0,,,,4,0.8,9365,2002,100.0,100.0,0,0.0,0,,,,1,0.2,14893,,100.0,0.0,0,0.0,0,,,,0,0.0,0,,,,0,0.0,0,,,,0,0.0,0,,,,238,50.3,0,,51.3,76.7
83-045-N,ST83,0,576,,576,0.0,86.7,0,0.0,0,,,,0,0.0,0,,,,0,0.0,0,,,,0,0.0,0,,,,0,0.0,0,,,,0,0.0,0,,,,0,0.0,0,,,,0,0.0,0,,,,0,0.0,0,,,,576,100.0,0,,0.0,86.7
83-046-N,ST83,0,522,,522,0.0,51.2,0,0.0,0,,,,0,0.0,0,,,,0,0.0,0,,,,0,0.0,0,,,,0,0.0,0,,,,0,0.0,0,,,,0,0.0,0,,,,0,0.0,0,,,,0,0.0,0,,,,522,100.0,0,,0.0,51.2
83-047-N,ST83,0,292,,292,0.0,91.5,0,0.0,0,,,,0,0.0,0,,,,0,0.0,0,,,,0,0.0,0,,,,1,0.3,0,,0.0,100.0,0,0.0,0,,,,0,0.0,0,,,,0,0.0,0,,,,0,0.0,0,,,,291,99.7,0,,0.0,91.4
83-048-N,ST83,0,768,,768,0.0,88.0,0,0.0,0,,,,0,0.0,0,,,,0,0.0,0,,,,0,0.0,0,,,,0,0.0,0,,,,0,0.0,0,,,,0,0.0,0,,,,0,0.0,0,,,,0,0.0,0,,,,768,100.0,0,,0.0,88.0
83-049-N,ST83,517,673,,674,26.9,57.0,228,33.8,577828,2014,29.4,56.6,0,0.0,0,,,,2,0.3,3644,2006,100.0,,0,0.0,0,,,,2,0.3,0,,100.0,0.0,0,0.0,0,,,,0,0.0,0,,,,0,0.0,0,,,,0,0.0,0,,,,442,65.6,0,,24.9,57.8
83-050-N,ST83,587,636,,636,86.3,54.6,260,40.9,632013,2009,89.2,48.8,1,0.2,1557,1971,100.0,100.0,0,0.0,0,,,,0,0.0,0,,,,0,0.0,0,,,,0,0.0,0,,,,1,0.2,3899,,100.0,100.0,0,0.0,0,,,,2,0.3,0,,50.0,,372,58.5,0,,84.4,57.3
83-051-H,ST83,257,272,,272,100.0,22.8,114,41.9,265867,2010,100.0,10.0,0,0.0,0,,,,0,0.0,0,,,,0,0.0,0,,,,0,0.0,0,,,,0,0.0,0,,,,3,1.1,5604,,100.0,0.0,1,0.4,145673,,100.0,100.0,1,0.4,6343,,100.0,100.0,153,56.2,0,,100.0,28.3
83-052-N,ST83,529,798,,798,60.5,41.5,235,29.4,558081,2014,59.1,38.5,0,0.0,0,,,,0,0.0,0,,,,0,0.0,0,,,,1,0.1,0,,100.0,100.0,0,0.0,0,,,,0,0.0,0,,,,0,0.0,0,,,,0,0.0,0,,,,562,70.4,0,,61.0,42.6
83-053-N,ST83,0,35,,35,0.0,63.2,0,0.0,0,,,,0,0.0,0,,,,0,0.0,0,,,,0,0.0,0,,,,0,0.0,0,,,,0,0.0,0,,,,0,0.0,0,,,,0,0.0,0,,,,0,0.0,0,,,,35,100.0,0,,0.0,63.2
83-054-N,ST83,2,209,,209,0.0,65.6,1,0.5,1440,2019,0.0,,0,0.0,0,,,,0,0.0,0,,,,0,0.0,0,,,,1,0.5,0,,0.0,100.0,0,0.0,0,,,,0,0.0,0,,,,0,0.0,0,,,,0,0.0,0,,,,207,99.0,0,,0.0,65.1
83-055-N,ST83,502,530,,531,75.0,90.0,223,42.0,568189,2012,82.1,86.9,0,0.0,0,,,,0,0.0,0,,,,0,0.0,0,,,,4,0.8,6475,,50.0,100.0,0,0.0,0,,,,0,0.0,0,,,,0,0.0,0,,,,0,0.0,0,,,,304,57.3,0,,70.1,92.6
83-056-N,ST83,529,662,,662,60.9,47.5,235,35.5,593626,2014,67.7,45.7,0,0.0,0,,,,0,0.0,0,,,,0,0.0,0,,,,0,0.0,0,,,,0,0.0,0,,,,0,0.0,0,,,,0,0.0,0,,,,0,0.0,0,,,,427,64.5,0,,57.1,48.5
83-057-N,ST83,322,369,,369,78.6,18.6,143,38.8,327885,2012,86.0,13.0,0,0.0,0,,,,0,0.0,0,,,,0,0.0,0,,,,0,0.0,0,,,,0,0.0,0,,,,0,0.0,0,,,,0,0.0,0,,,,1,0.3,0,,100.0,100.0,225,61.0,0,,73.8,20.0
83-058-N,ST83,472,826,,827,12.2,66.1,208,25.2,499273,2016,14.9,57.1,0,0.0,0,,,,2,0.2,4408,2006,0.0,,0,0.0,0,,,,0,0.0,0,,,,0,0.0,0,,,,0,0.0,0,,,,0,0.0,0,,,,0,0.0,0,,,,617,74.6,0,,11.3,68.8
83-059-N,ST83,63,571,,571,29.4,48.8,28,4.9,60049,2019,35.7,0.0,0,0.0,0,,,,0,0.0,0,,,,0,0.0,0,,,,0,0.0,0,,,,0,0.0,0,,,,0,0.0,0,,,,0,0.0,0,,,,0,0.0,0,,,,543,95.1,0,,29.1,50.6
83-060-N,ST83,2,370,,370,0.0,65.6,1,0.3,2415,2002,0.0,100.0,0,0.0,0,,,,0,0.0,0,,,,0,0.0,0,,,,0,0.0,0,,,,0,0.0,0,,,,0,0.0,0,,,,0,0.0,0,,,,0,0.0,0,,,,369,99.7,0,,0.0,65.3
83-061-N,ST83,0,686,,686,0.0,46.1,0,0.0,0,,,,0,0.0,0,,,,0,0.0,0,,,,0,0.0,0,,,,1,0.1,0,,0.0,100.0,0,0.0,0,,,,0,0.0,0,,,,0,0.0,0,,,,0,0.0,0,,,,685,99.9,0,,0.0,45.5
83-062-N,ST83,599,596,,596,83.4,23.9,266,44.6,640016,2008,81.6,29.2,0,0.0,0,,,,0,0.0,0,,,,0,0.0,0,,,,0,0.0,0,,,,0,0.0,0,,,,0,0.0,0,,,,0,0.0,0,,,,0,0.0,0,,,,330,55.4,0,,84.8,18.8
83-063-N,ST83,428,475,,475,67.8,47.5,190,40.0,446152,2008,74.7,42.3,0,0.0,0,,,,0,0.0,0,,,,0,0.0,0,,,,0,0.0,0,,,,0,0.0,0,,,,0,0.0,0,,,,0,0.0,0,,,,0,0.0,0,,,,285,60.0,0,,63.2,51.4
83-064-N,ST83,81,458,,458,38.2,85.7,36,7.9,89438,2017,30.6,100.0,0,0.0,0,,,,0,0.0,0,,,,0,0.0,0,,,,2,0.4,0,,50.0,,0,0.0,0,,,,0,0.0,0,,,,0,0.0,0,,,,1,0.2,0,,100.0,,419,91.5,0,,38.7,85.1
83-065-N,ST83,18,706,,706,10.1,66.4,8,1.1,15699,2018,0.0,50.0,0,0.0,0,,,,0,0.0,0,,,,0,0.0,0,,,,0,0.0,0,,,,0,0.0,0,,,,0,0.0,0,,,,0,0.0,0,,,,0,0.0,0,,,,698,98.9,0,,10.2,66.7
83-066-N,ST83,2,333,,333,0.0,100.0,1,0.3,0,,0.0,,0,0.0,0,,,,0,0.0,0,,,,0,0.0,0,,,,0,0.0,0,,,,0,0.0,0,,,,0,0.0,0,,,,0,0.0,0,,,,0,0.0,0,,,,332,99.7,0,,0.0,100.0
83-067-N,ST83,741,714,,714,60.4,71.6,329,46.1,818575,2010,59.9,70.4,0,0.0,0,,,,0,0.0,0,,,,0,0.0,0,,,,0,0.0,0,,,,0,0.0,0,,,,0,0.0,0,,,,0,0.0,0,,,,0,0.0,0,,,,385,53.9,0,,60.8,72.7
83-068-N,ST83,671,651,,651,75.0,58.1,298,45.8,727106,2010,78.9,60.0,0,0.0,0,,,,0,0.0,0,,,,0,0.0,0,,,,1,0.2,0,,100.0,,0,0.0,0,,,,0,0.0,0,,,,0,0.0,0,,,,0,0.0,0,,,,352,54.1,0,,71.6,57.1
83-069-N,ST83,322,515,,515,33.0,58.2,143,27.8,339824,2012,37.1,61.9,0,0.0,0,,,,0,0.0,0,,,,0,0.0,0,,,,0,0.0,0,,,,0,0.0,0,,,,0,0.0,0,,,,0,0.0,0,,,,1,0.2,0,,100.0,,371,72.0,0,,31.3,56.7
83-070-N,ST83,663,897,,898,34.5,28.5,293,32.6,710306,2012,45.7,24.7,0,0.0,0,,,,2,0.2,2887,2007,0.0,100.0,0,0.0,0,,,,0,0.0,0,,,,0,0.0,0,,,,1,0.1,2720,,100.0,,0,0.0,0,,,,0,0.0,0,,,,602,67.0,0,,29.1,29.6
83-071-N,ST83,38,522,,522,0.0,64.8,17,3.3,49214,2018,0.0,33.3,0,0.0,0,,,,0,0.0,0,,,,0,0.0,0,,,,0,0.0,0,,,,0,0.0,0,,,,0,0.0,0,,,,0,0.0,0,,,,0,0.0,0,,,,505,96.7,0,,0.0,65.9
83-072-N,ST83,788,762,,762,64.6,82.1,350,45.9,843843,2009,71.4,80.5,0,0.0,0,,,,0,0.0,0,,,,0,0.0,0,,,,0,0.0,0,,,,0,0.0,0,,,,0,0.0,0,,,,0,0.0,0,,,,0,0.0,0,,,,412,54.1,0,,58.7,83.5
83-073-N,ST83,381,617,,617,40.7,73.6,169,27.4,409565,2011,49.1,66.1,0,0.0,0,,,,0,0.0,0,,,,0,0.0,0,,,,0,0.0,0,,,,0,0.0,0,,,,1,0.2,9086,,100.0,,0,0.0,0,,,,10,1.6,0,,0.0,100.0,437,70.8,0,,38.2,75.7
83-074-N,ST83,72,587,,587,11.1,69.5,32,5.5,75285,2015,6.2,78.6,0,0.0,0,,,,0,0.0,0,,,,0,0.0,0,,,,1,0.2,0,,0.0,100.0,0,0.0,0,,,,0,0.0,0,,,,0,0.0,0,,,,0,0.0,0,,,,554,94.4,0,,11.4,68.1
83-075-N,ST83,5,443,,443,13.5,82.8,2,0.5,4894,2015,0.0,,0,0.0,0,,,,0,0.0,0,,,,0,0.0,0,,,,0,0.0,0,,,,0,0.0,0,,,,0,0.0,0,,,,0,0.0,0,,,,0,0.0,0,,,,441,99.5,0,,13.6,82.8
83-076-N,ST83,41,456,,456,41.2,45.9,18,3.9,49327,2012,16.7,50.0,0,0.0,0,,,,0,0.0,0,,,,0,0.0,0,,,,0,0.0,0,,,,0,0.0,0,,,,1,0.2,4400,,100.0,,0,0.0,0,,,,0,0.0,0,,,,437,95.8,0,,42.1,45.9
83-077-N,ST83,7,543,,543,32.2,58.3,3,0.6,6563,2014,33.3,100.0,0,0.0,0,,,,0,0.0,0,,,,0,0.0,0,,,,14,2.6,0,,71.4,0.0,0,0.0,0,,,,1,0.2,6675,,100.0,,0,0.0,0,,,,0,0.0,0,,,,525,96.7,0,,31.0,59.1
83-078-N,ST83,131,336,,338,5.6,,55,16.3,124370,2018,5.5,,0,0.0,0,,,,4,1.2,7387,2005,0.0,,0,0.0,0,,,,0,0.0,0,,,,0,0.0,0,,,,1,0.3,2940,,100.0,,0,0.0,0,,,,0,0.0,0,,,,278,82.2,0,,5.4,
84-001-N,ST84,70,39,,39,0.0,91.2,31,79.5,102467,2002,0.0,88.9,0,0.0,0,,,,0,0.0,0,,,,0,0.0,0,,,,0,0.0,0,,,,1,2.6,3800,,0.0,100.0,0,0.0,0,,,,0,0.0,0,,,,0,0.0,0,,,,7,17.9,0,,0.0,100.0
84-002-N,ST84,68,46,,46,0.0,42.9,30,65.2,105784,2005,0.0,50.0,0,0.0,0,,,,0,0.0,0,,,,0,0.0,0,,,,0,0.0,0,,,,2,4.3,2500,,0.0,,0,0.0,0,,,,0,0.0,0,,,,0,0.0,0,,,,14,30.4,0,,0.0,25.0
84-003-N,ST84,34,24,,24,0.0,100.0,15,62.5,54329,2003,0.0,100.0,0,0.0,0,,,,0,0.0,0,,,,0,0.0,0,,,,0,0.0,0,,,,0,0.0,0,,,,1,4.2,6000,,0.0,100.0,0,0.0,0,,,,0,0.0,0,,,,8,33.3,0,,0.0,100.0
84-005-N,ST84,216,525,,529,0.0,53.0,89,16.8,213923,2015,0.0,62.5,1,0.2,1680,2007,0.0,0.0,8,1.5,15372,2013,0.0,66.7,0,0.0,0,,,,0,0.0,0,,,,0,0.0,0,,,,0,0.0,0,,,,0,0.0,0,,,,0,0.0,0,,,,431,81.5,0,,0.0,51.0
84-006-N,ST84,197,329,,330,3.9,45.7,86,26.1,236475,2010,0.0,57.1,0,0.0,0,,,,2,0.6,2240,2006,0.0,,0,0.0,0,,,,2,0.6,0,,50.0,0.0,0,0.0,0,,,,0,0.0,0,,,,0,0.0,0,,,,0,0.0,0,,,,240,72.7,0,,5.0,42.2
84-007-N,ST84,0,7,,7,0.0,100.0,0,0.0,0,,,,0,0.0,0,,,,0,0.0,0,,,,0,0.0,0,,,,1,14.3,0,,0.0,100.0,0,0.0,0,,,,0,0.0,0,,,,0,0.0,0,,,,0,0.0,0,,,,6,85.7,0,,0.0,100.0
84-009-N,ST84,941,949,,949,61.7,61.4,418,44.0,1014012,2011,64.8,62.5,0,0.0,0,,,,0,0.0,0,,,,0,0.0,0,,,,1,0.1,0,,100.0,,0,0.0,0,,,,0,0.0,0,,,,0,0.0,0,,,,1,0.1,0,,100.0,100.0,529,55.7,0,,59.2,60.3
84-010-H,ST84,356,404,,404,93.6,70.3,158,39.1,377594,2008,88.0,64.3,0,0.0,0,,,,0,0.0,0,,,,0,0.0,0,,,,2,0.5,0,,100.0,,8,2.0,14006,,100.0,,0,0.0,0,,,,0,0.0,0,,,,0,0.0,0,,,,236,58.4,0,,97.0,73.9
84-011-H,ST84,0,44,,44,97.7,55.0,0,0.0,0,,,,0,0.0,0,,,,0,0.0,0,,,,0,0.0,0,,,,15,34.1,6679,,93.3,38.5,28,63.6,414251,,100.0,83.3,0,0.0,0,,,,1,2.3,59152,,100.0,100.0,0,0.0,0,,,,0,0.0,0,,,
84-012-H,ST84,108,158,,158,100.0,93.3,48,30.4,102532,2015,100.0,,0,0.0,0,,,,0,0.0,0,,,,0,0.0,0,,,,2,1.3,0,,100.0,100.0,0,0.0,0,,,,0,0.0,0,,,,0,0.0,0,,,,0,0.0,0,,,,108,68.4,0,,100.0,92.3
84-013-N,ST84,538,415,,415,84.8,60.5,239,57.6,562850,2004,85.8,56.9,0,0.0,0,,,,0,0.0,0,,,,0,0.0,0,,,,0,0.0,0,,,,0,0.0,0,,,,0,0.0,0,,,,0,0.0,0,,,,0,0.0,0,,,,176,42.4,0,,83.5,64.9
84-014-N,ST84,626,454,,454,58.6,62.9,278,61.2,666700,2008,59.7,60.3,0,0.0,0,,,,0,0.0,0,,,,0,0.0,0,,,,0,0.0,0,,,,0,0.0,0,,,,0,0.0,0,,,,0,0.0,0,,,,0,0.0,0,,,,176,38.8,0,,56.8,67.7
84-015-N,ST84,538,434,,434,31.8,57.7,239,55.1,571390,2010,33.1,58.0,0,0.0,0,,,,0,0.0,0,,,,0,0.0,0,,,,0,0.0,0,,,,0,0.0,0,,,,0,0.0,0,,,,0,0.0,0,,,,0,0.0,0,,,,195,44.9,0,,30.3,57.4
84-016-N,ST84,636,538,,539,42.3,24.4,281,52.1,667071,2008,38.4,14.6,0,0.0,0,,,,2,0.4,3764,2018,100.0,100.0,0,0.0,0,,,,0,0.0,0,,,,0,0.0,0,,,,0,0.0,0,,,,0,0.0,0,,,,0,0.0,0,,,,256,47.5,0,,46.1,29.8
84-017-H,ST84,612,439,,439,99.8,98.9,26,5.9,70982,2022,100.0,100.0,0,0.0,0,,,,330,75.2,325859,2000,100.0,100.0,0,0.0,0,,,,7,1.6,25683,,85.7,0.0,74,16.9,361327,,100.0,25.0,2,0.5,95797,,100.0,100.0,0,0.0,0,,,,0,0.0,0,,,,0,0.0,0,,,
84-018-H,ST84,639,285,,285,100.0,95.9,283,99.3,704207,2014,100.0,95.8,0,0.0,0,,,,1,0.4,0,,100.0,100.0,0,0.0,0,,,,1,0.4,0,,100.0,100.0,0,0.0,0,,,,0,0.0,0,,,,0,0.0,0,,,,0,0.0,0,,,,0,0.0,0,,,
84-019-N,ST84,435,344,,344,43.3,68.6,193,56.1,462375,2007,45.1,71.2,0,0.0,0,,,,0,0.0,0,,,,0,0.0,0,,,,0,0.0,0,,,,0,0.0,0,,,,0,0.0,0,,,,0,0.0,0,,,,0,0.0,0,,,,151,43.9,0,,41.1,66.0
84-020-N,ST84,511,358,,358,75.4,84.8,227,63.4,560362,2008,77.1,80.0,0,0.0,0,,,,0,0.0,0,,,,0,0.0,0,,,,0,0.0,0,,,,0,0.0,0,,,,0,0.0,0,,,,0,0.0,0,,,,0,0.0,0,,,,131,36.6,0,,72.5,92.3
84-021-H,ST84,751,377,,377,100.0,57.6,332,88.1,646831,2005,100.0,95.5,0,0.0,0,,,,2,0.5,0,,100.0,100.0,0,0.0,0,,,,27,7.2,97357,,100.0,18.5,9,2.4,327758,,100.0,75.0,1,0.3,17020,,100.0,,0,0.0,0,,,,0,0.0,0,,,,6,1.6,0,,100.0,
84-022-H,ST84,657,299,,299,100.0,100.0,291,97.3,703893,2005,100.0,100.0,0,0.0,0,,,,1,0.3,0,,100.0,100.0,0,0.0,0,,,,0,0.0,0,,,,0,0.0,0,,,,1,0.3,9521,,100.0,100.0,0,0.0,0,,,,0,0.0,0,,,,6,2.0,0,,100.0,
84-023-H,ST84,214,95,,95,100.0,100.0,95,100.0,252345,2013,100.0,100.0,0,0.0,0,,,,0,0.0,0,,,,0,0.0,0,,,,0,0.0,0,,,,0,0.0,0,,,,0,0.0,0,,,,0,0.0,0,,,,0,0.0,0,,,,0,0.0,0,,,
84-024-N,ST84,556,426,,426,94.4,74.6,247,58.0,555736,2005,95.5,76.0,0,0.0,0,,,,0,0.0,0,,,,0,0.0,0,,,,2,0.5,0,,100.0,,0,0.0,0,,,,0,0.0,0,,,,0,0.0,0,,,,0,0.0,0,,,,177,41.5,0,,92.7,73.5
84-025-N,ST84,607,435,,436,89.9,71.9,268,61.5,616130,2004,91.4,68.5,0,0.0,0,,,,2,0.5,4170,1994,100.0,,0,0.0,0,,,,0,0.0,0,,,,0,0.0,0,,,,0,0.0,0,,,,0,0.0,0,,,,0,0.0,0,,,,166,38.1,0,,87.3,77.1
84-026-N,ST84,466,315,,315,87.9,62.7,207,65.7,502483,2004,88.4,61.2,0,0.0,0,,,,0,0.0,0,,,,0,0.0,0,,,,2,0.6,0,,100.0,100.0,0,0.0,0,,,,0,0.0,0,,,,0,0.0,0,,,,3,1.0,55987,,100.0,66.7,103,32.7,0,,86.4,61.9
84-027-H,ST84,0,8,,8,87.5,87.5,0,0.0,0,,,,0,0.0,0,,,,0,0.0,0,,,,0,0.0,0,,,,8,100.0,44943,,87.5,87.5,0,0.0,0,,,,0,0.0,0,,,,0,0.0,0,,,,0,0.0,0,,,,0,0.0,0,,,
84-028-H,ST84,376,12,,235,99.6,100.0,0,0.0,0,,,,0,0.0,0,,,,224,95.3,321041,2021,100.0,100.0,0,0.0,0,,,,10,4.3,42171,,90.0,100.0,1,0.4,253779,,100.0,100.0,0,0.0,0,,,,0,0.0,0,,,,0,0.0,0,,,,0,0.0,0,,,
84-029-N,ST84,612,483,,483,44.7,73.8,272,56.3,688119,2009,43.0,70.3,0,0.0,0,,,,0,0.0,0,,,,0,0.0,0,,,,0,0.0,0,,,,0,0.0,0,,,,0,0.0,0,,,,0,0.0,0,,,,0,0.0,0,,,,211,43.7,0,,46.9,78.6
84-030-H,ST84,534,385,,385,100.0,66.7,237,61.6,537031,2003,100.0,66.7,0,0.0,0,,,,0,0.0,0,,,,0,0.0,0,,,,3,0.8,12956,,100.0,,0,0.0,0,,,,0,0.0,0,,,,0,0.0,0,,,,0,0.0,0,,,,145,37.7,0,,100.0,66.7
84-031-N,ST84,575,420,,421,89.1,43.4,254,60.3,587058,2007,90.2,45.9,0,0.0,0,,,,2,0.5,4620,1995,100.0,,0,0.0,0,,,,0,0.0,0,,,,0,0.0,0,,,,0,0.0,0,,,,0,0.0,0,,,,0,0.0,0,,,,165,39.2,0,,87.3,37.5
84-032-N,ST84,977,755,,755,51.8,85.2,434,57.5,1042609,2008,50.5,78.9,0,0.0,0,,,,0,0.0,0,,,,0,0.0,0,,,,0,0.0,0,,,,0,0.0,0,,,,0,0.0,0,,,,0,0.0,0,,,,0,0.0,0,,,,321,42.5,0,,53.6,89.7
84-033-H,ST84,439,37,,297,100.0,98.9,0,0.0,0,,,,0,0.0,0,,,,262,88.2,303395,2023,100.0,100.0,0,0.0,0,,,,31,10.4,190703,,100.0,76.9,1,0.3,112995,,100.0,100.0,1,0.3,5170,,100.0,100.0,1,0.3,10000,,100.0,100.0,1,0.3,11408,,100.0,100.0,0,0.0,0,,,
84-034-N,ST84,648,610,,610,64.1,50.0,288,47.2,712563,2010,68.1,44.8,0,0.0,0,,,,0,0.0,0,,,,0,0.0,0,,,,0,0.0,0,,,,0,0.0,0,,,,0,0.0,0,,,,1,0.2,136888,,100.0,100.0,0,0.0,0,,,,321,52.6,0,,60.4,54.1
84-035-N,ST84,773,600,,601,81.0,18.7,342,56.9,764782,2005,80.7,8.2,0,0.0,0,,,,2,0.3,5003,2002,100.0,,0,0.0,0,,,,0,0.0,0,,,,0,0.0,0,,,,0,0.0,0,,,,1,0.2,126912,,100.0,100.0,1,0.2,0,,100.0,,255,42.4,0,,81.2,27.9
84-036-N,ST84,907,671,,671,42.3,98.4,403,60.1,935436,2008,48.1,95.5,0,0.0,0,,,,0,0.0,0,,,,0,0.0,0,,,,0,0.0,0,,,,0,0.0,0,,,,0,0.0,0,,,,0,0.0,0,,,,0,0.0,0,,,,268,39.9,0,,33.6,100.0
84-037-H,ST84,361,169,,169,100.0,100.0,159,94.1,400878,2001,100.0,100.0,0,0.0,0,,,,2,1.2,0,,100.0,100.0,0,0.0,0,,,,5,3.0,20739,,100.0,100.0,0,0.0,0,,,,0,0.0,0,,,,0,0.0,0,,,,0,0.0,0,,,,3,1.8,0,,100.0,100.0
84-038-N,ST84,806,945,,945,59.8,67.5,358,37.9,926715,2013,61.7,64.3,0,0.0,0,,,,0,0.0,0,,,,0,0.0,0,,,,0,0.0,0,,,,0,0.0,0,,,,0,0.0,0,,,,0,0.0,0,,,,0,0.0,0,,,,587,62.1,0,,58.6,69.6
84-039-N,ST84,847,633,,633,87.4,66.4,376,59.4,888479,2004,88.6,68.3,0,0.0,0,,,,0,0.0,0,,,,0,0.0,0,,,,2,0.3,0,,100.0,50.0,0,0.0,0,,,,0,0.0,0,,,,0,0.0,0,,,,0,0.0,0,,,,255,40.3,0,,85.5,64.0
84-040-N,ST84,641,448,,449,61.0,40.8,283,63.0,659661,2007,56.5,35.3,0,0.0,0,,,,2,0.4,6184,2001,0.0,100.0,0,0.0,0,,,,0,0.0,0,,,,0,0.0,0,,,,0,0.0,0,,,,0,0.0,0,,,,0,0.0,0,,,,164,36.5,0,,69.5,47.7
84-041-N,ST84,800,641,,642,31.5,39.6,354,55.1,846749,2006,29.1,29.5,0,0.0,0,,,,2,0.3,5461,2020,0.0,,0,0.0,0,,,,1,0.2,0,,0.0,0.0,0,0.0,0,,,,0,0.0,0,,,,0,0.0,0,,,,0,0.0,0,,,,285,44.4,0,,34.7,50.0
84-042-H,ST84,971,185,,554,100.0,99.0,155,28.0,453002,2002,100.0,100.0,0,0.0,0,,,,371,67.0,409327,2000,100.0,100.0,0,0.0,0,,,,19,3.4,45661,,100.0,33.3,0,0.0,0,,,,3,0.5,28883,,100.0,0.0,0,0.0,0,,,,0,0.0,0,,,,6,1.1,0,,100.0,100.0
84-043-N,ST84,1001,746,,747,71.4,49.6,443,59.3,1026247,2006,77.0,44.7,0,0.0,0,,,,2,0.3,2694,2001,0.0,100.0,0,0.0,0,,,,0,0.0,0,,,,0,0.0,0,,,,0,0.0,0,,,,0,0.0,0,,,,0,0.0,0,,,,302,40.4,0,,63.6,55.5
84-044-N,ST84,417,356,,356,14.9,37.6,185,52.0,450316,2008,16.8,36.1,0,0.0,0,,,,0,0.0,0,,,,0,0.0,0,,,,0,0.0,0,,,,0,0.0,0,,,,0,0.0,0,,,,0,0.0,0,,,,0,0.0,0,,,,171,48.0,0,,12.9,39.1
84-045-N,ST84,521,277,,376,84.6,79.9,156,41.5,347957,2005,79.5,53.5,0,0.0,0,,,,101,26.9,115422,2022,100.0,100.0,0,0.0,0,,,,2,0.5,0,,50.0,50.0,0,0.0,0,,,,0,0.0,0,,,,0,0.0,0,,,,0,0.0,0,,,,117,31.1,0,,78.6,59.0
84-046-H,ST84,923,491,,491,96.7,67.8,404,82.3,1095936,2006,96.8,73.1,0,0.0,0,,,,8,1.6,0,,100.0,85.7,0,0.0,0,,,,0,0.0,0,,,,0,0.0,0,,,,0,0.0,0,,,,0,0.0,0,,,,0,0.0,0,,,,79,16.1,0,,96.2,56.8
84-047-H,ST84,725,587,,587,96.2,68.7,322,54.9,762737,2005,95.0,66.5,0,0.0,0,,,,0,0.0,0,,,,0,0.0,0,,,,0,0.0,0,,,,0,0.0,0,,,,0,0.0,0,,,,0,0.0,0,,,,0,0.0,0,,,,265,45.1,0,,97.7,71.2
84-048-N,ST84,423,370,,370,51.1,65.2,188,50.8,440510,2008,53.7,65.7,0,0.0,0,,,,0,0.0,0,,,,0,0.0,0,,,,2,0.5,0,,100.0,0.0,0,0.0,0,,,,1,0.3,7820,,100.0,0.0,0,0.0,0,,,,0,0.0,0,,,,179,48.4,0,,47.5,66.1
84-049-N,ST84,529,452,,452,36.5,52.0,235,52.0,595031,2006,36.6,55.2,0,0.0,0,,,,0,0.0,0,,,,0,0.0,0,,,,0,0.0,0,,,,0,0.0,0,,,,0,0.0,0,,,,0,0.0,0,,,,0,0.0,0,,,,217,48.0,0,,36.4,48.6
84-050-N,ST84,520,411,,411,86.9,86.6,231,56.2,572293,2004,85.7,88.5,0,0.0,0,,,,0,0.0,0,,,,0,0.0,0,,,,0,0.0,0,,,,0,0.0,0,,,,0,0.0,0,,,,0,0.0,0,,,,0,0.0,0,,,,180,43.8,0,,88.3,84.1
84-051-N,ST84,491,377,,377,36.1,76.7,218,57.8,526924,2006,34.9,80.5,0,0.0,0,,,,0,0.0,0,,,,0,0.0,0,,,,0,0.0,0,,,,0,0.0,0,,,,0,0.0,0,,,,0,0.0,0,,,,0,0.0,0,,,,159,42.2,0,,37.7,72.2
85-003-N,ST85,179,91,,92,0.0,51.1,77,83.7,261482,1997,0.0,55.8,1,1.1,1692,2003,0.0,100.0,2,2.2,5952,2002,0.0,0.0,0,0.0,0,,,,0,0.0,0,,,,0,0.0,0,,,,0,0.0,0,,,,0,0.0,0,,,,0,0.0,0,,,,12,13.0,0,,0.0,25.0
85-004-N,ST85,129,73,,74,0.0,78.4,56,75.7,171622,1999,0.0,76.8,0,0.0,0,,,,2,2.7,3816,2004,0.0,100.0,0,0.0,0,,,,0,0.0,0,,,,0,0.0,0,,,,0,0.0,0,,,,0,0.0,0,,,,0,0.0,0,,,,16,21.6,0,,0.0,81.2
85-005-N,ST85,164,112,,114,0.0,68.8,70,61.4,226664,2005,0.0,74.2,0,0.0,0,,,,4,3.5,8351,1994,0.0,50.0,0,0.0,0,,,,0,0.0,0,,,,0,0.0,0,,,,0,0.0,0,,,,0,0.0,0,,,,0,0.0,0,,,,40,35.1,0,,0.0,59.3
85-006-N,ST85,236,199,,201,0.0,57.9,102,50.7,274517,2007,0.0,56.9,0,0.0,0,,,,4,2.0,7597,2008,0.0,0.0,0,0.0,0,,,,0,0.0,0,,,,0,0.0,0,,,,0,0.0,0,,,,0,0.0,0,,,,0,0.0,0,,,,95,47.3,0,,0.0,63.2
85-007-N,ST85,143,104,,105,0.0,71.6,62,59.0,196221,2001,0.0,62.1,0,0.0,0,,,,2,1.9,4154,2018,0.0,0.0,0,0.0,0,,,,0,0.0,0,,,,0,0.0,0,,,,2,1.9,19243,,0.0,50.0,0,0.0,0,,,,0,0.0,0,,,,39,37.1,0,,0.0,93.9
85-008-N,ST85,72,41,,41,0.0,91.4,32,78.0,116003,2000,0.0,89.7,0,0.0,0,,,,0,0.0,0,,,,0,0.0,0,,,,0,0.0,0,,,,0,0.0,0,,,,0,0.0,0,,,,0,0.0,0,,,,3,7.3,0,,0.0,100.0,6,14.6,0,,0.0,100.0
85-013-N,ST85,276,437,,438,9.8,66.5,121,27.6,293647,2009,9.9,60.2,0,0.0,0,,,,2,0.5,4295,2001,100.0,100.0,0,0.0,0,,,,2,0.5,0,,0.0,50.0,0,0.0,0,,,,0,0.0,0,,,,0,0.0,0,,,,0,0.0,0,,,,313,71.5,0,,9.3,68.7
85-014-N,ST85,269,441,,442,14.3,65.4,118,26.7,315302,2011,14.4,77.2,0,0.0,0,,,,2,0.5,2956,1991,0.0,100.0,0,0.0,0,,,,0,0.0,0,,,,0,0.0,0,,,,0,0.0,0,,,,0,0.0,0,,,,0,0.0,0,,,,322,72.9,0,,14.3,60.7
85-015-N,ST85,399,567,,567,3.0,60.5,177,31.2,412339,2014,2.8,65.3,0,0.0,0,,,,0,0.0,0,,,,0,0.0,0,,,,2,0.4,0,,0.0,100.0,0,0.0,0,,,,0,0.0,0,,,,0,0.0,0,,,,0,0.0,0,,,,388,68.4,0,,3.1,58.1
85-016-N,ST85,406,588,,589,0.0,60.8,179,30.4,429656,2011,0.0,56.7,0,0.0,0,,,,2,0.3,10676,2009,0.0,0.0,0,0.0,0,,,,0,0.0,0,,,,0,0.0,0,,,,0,0.0,0,,,,0,0.0,0,,,,0,0.0,0,,,,408,69.3,0,,0.0,63.0
85-017-N,ST85,315,524,,526,0.0,93.7,137,26.0,356638,2010,0.0,93.7,0,0.0,0,,,,4,0.8,8440,1993,0.0,100.0,0,0.0,0,,,,0,0.0,0,,,,0,0.0,0,,,,0,0.0,0,,,,0,0.0,0,,,,1,0.2,0,,0.0,100.0,384,73.0,0,,0.0,93.7
85-018-N,ST85,0,1,,1,100.0,,0,0.0,0,,,,0,0.0,0,,,,0,0.0,0,,,,0,0.0,0,,,,0,0.0,0,,,,0,0.0,0,,,,0,0.0,0,,,,0,0.0,0,,,,1,100.0,0,,100.0,,0,0.0,0,,,
85-019-N,ST85,86,74,,74,73.0,58.8,38,51.4,90439,2008,76.3,46.7,0,0.0,0,,,,0,0.0,0,,,,0,0.0,0,,,,0,0.0,0,,,,0,0.0,0,,,,0,0.0,0,,,,0,0.0,0,,,,0,0.0,0,,,,36,48.6,0,,69.4,68.4
85-020-N,ST85,689,610,,610,85.4,36.7,306,50.2,706807,2006,86.6,33.7,0,0.0,0,,,,0,0.0,0,,,,0,0.0,0,,,,0,0.0,0,,,,0,0.0,0,,,,0,0.0,0,,,,0,0.0,0,,,,0,0.0,0,,,,304,49.8,0,,84.2,39.6
85-021-N,ST85,714,645,,645,60.8,40.7,317,49.1,712621,2009,63.1,45.1,0,0.0,0,,,,0,0.0,0,,,,0,0.0,0,,,,0,0.0,0,,,,0,0.0,0,,,,0,0.0,0,,,,0,0.0,0,,,,0,0.0,0,,,,328,50.9,0,,58.5,37.8
85-022-N,ST85,564,601,,602,84.6,24.4,249,41.4,570343,2010,90.8,28.2,0,0.0,0,,,,2,0.3,4270,2021,100.0,,0,0.0,0,,,,0,0.0,0,,,,0,0.0,0,,,,0,0.0,0,,,,0,0.0,0,,,,0,0.0,0,,,,351,58.3,0,,80.1,21.1
85-023-N,ST85,257,559,,559,45.8,92.3,114,20.4,265240,2011,66.7,71.4,0,0.0,0,,,,0,0.0,0,,,,0,0.0,0,,,,0,0.0,0,,,,0,0.0,0,,,,0,0.0,0,,,,0,0.0,0,,,,0,0.0,0,,,,445,79.6,0,,40.4,95.2
85-024-N,ST85,0,1,,1,0.0,100.0,0,0.0,0,,,,0,0.0,0,,,,0,0.0,0,,,,0,0.0,0,,,,0,0.0,0,,,,0,0.0,0,,,,0,0.0,0,,,,0,0.0,0,,,,1,100.0,0,,0.0,100.0,0,0.0,0,,,
85-025-N,ST85,0,1,,1,100.0,,0,0.0,0,,,,0,0.0,0,,,,0,0.0,0,,,,0,0.0,0,,,,0,0.0,0,,,,0,0.0,0,,,,0,0.0,0,,,,0,0.0,0,,,,1,100.0,0,,100.0,,0,0.0,0,,,
85-026-N,ST85,153,114,,114,69.3,50.7,68,59.6,159715,2006,77.9,54.8,0,0.0,0,,,,0,0.0,0,,,,0,0.0,0,,,,0,0.0,0,,,,0,0.0,0,,,,0,0.0,0,,,,0,0.0,0,,,,0,0.0,0,,,,46,40.4,0,,56.5,44.4
85-027-N,ST85,477,386,,386,63.5,41.6,212,54.9,497591,2004,66.5,54.8,0,0.0,0,,,,0,0.0,0,,,,0,0.0,0,,,,1,0.3,0,,100.0,0.0,0,0.0,0,,,,0,0.0,0,,,,0,0.0,0,,,,0,0.0,0,,,,173,44.8,0,,59.5,29.0
85-028-H,ST85,343,456,,457,89.9,41.3,151,33.0,333365,2003,92.7,33.3,0,0.0,0,,,,2,0.4,5029,2006,100.0,,0,0.0,0,,,,0,0.0,0,,,,0,0.0,0,,,,0,0.0,0,,,,0,0.0,0,,,,1,0.2,0,,100.0,,303,66.3,0,,88.4,45.2
85-029-N,ST85,387,458,,458,13.1,0.0,172,37.6,412584,2010,12.2,0.0,0,0.0,0,,,,0,0.0,0,,,,0,0.0,0,,,,0,0.0,0,,,,0,0.0,0,,,,0,0.0,0,,,,0,0.0,0,,,,0,0.0,0,,,,286,62.4,0,,13.6,0.0
85-030-N,ST85,27,233,,233,54.1,70.7,12,5.2,27183,2012,16.7,,0,0.0,0,,,,0,0.0,0,,,,0,0.0,0,,,,0,0.0,0,,,,0,0.0,0,,,,0,0.0,0,,,,0,0.0,0,,,,3,1.3,0,,100.0,100.0,218,93.6,0,,55.5,70.3
85-031-H,ST85,401,350,,350,94.0,61.7,178,50.9,413455,2003,94.9,65.5,0,0.0,0,,,,0,0.0,0,,,,0,0.0,0,,,,0,0.0,0,,,,0,0.0,0,,,,5,1.4,34877,,100.0,80.0,0,0.0,0,,,,1,0.3,8800,,100.0,0.0,166,47.4,0,,92.8,58.0
85-032-H,ST85,421,372,,372,95.2,43.7,187,50.3,431587,2002,97.3,41.7,0,0.0,0,,,,0,0.0,0,,,,0,0.0,0,,,,1,0.3,0,,100.0,0.0,0,0.0,0,,,,0,0.0,0,,,,0,0.0,0,,,,0,0.0,0,,,,184,49.5,0,,92.9,46.2
85-033-N,ST85,259,285,,285,40.7,36.7,115,40.4,276558,2007,45.2,34.6,0,0.0,0,,,,0,0.0,0,,,,0,0.0,0,,,,0,0.0,0,,,,0,0.0,0,,,,1,0.4,0,,0.0,100.0,1,0.4,0,,100.0,0.0,2,0.7,0,,50.0,100.0,166,58.2,0,,37.3,36.1
85-034-N,ST85,38,256,,256,14.1,75.9,17,6.6,41517,2009,5.9,30.0,0,0.0,0,,,,0,0.0,0,,,,0,0.0,0,,,,0,0.0,0,,,,0,0.0,0,,,,0,0.0,0,,,,0,0.0,0,,,,0,0.0,0,,,,239,93.4,0,,14.6,78.8
85-035-H,ST85,567,527,,527,99.1,84.2,252,47.8,605127,2006,99.2,86.1,0,0.0,0,,,,0,0.0,0,,,,0,0.0,0,,,,0,0.0,0,,,,0,0.0,0,,,,0,0.0,0,,,,0,0.0,0,,,,0,0.0,0,,,,275,52.2,0,,98.9,82.7
85-036-H,ST85,543,315,,315,100.0,58.6,241,76.5,610467,2003,100.0,54.5,0,0.0,0,,,,0,0.0,0,,,,0,0.0,0,,,,0,0.0,0,,,,0,0.0,0,,,,0,0.0,0,,,,1,0.3,131596,,100.0,100.0,1,0.3,2668,,100.0,100.0,72,22.9,0,,100.0,66.7
85-037-H,ST85,481,549,,549,97.1,74.5,213,38.8,522680,2012,98.1,66.3,0,0.0,0,,,,1,0.2,0,,100.0,100.0,0,0.0,0,,,,0,0.0,0,,,,0,0.0,0,,,,0,0.0,0,,,,0,0.0,0,,,,1,0.2,0,,100.0,100.0,334,60.8,0,,96.4,77.8
85-038-H,ST85,607,363,,363,100.0,55.0,266,73.3,616164,1997,100.0,59.8,0,0.0,0,,,,5,1.4,0,,100.0,100.0,0,0.0,0,,,,0,0.0,0,,,,0,0.0,0,,,,0,0.0,0,,,,0,0.0,0,,,,0,0.0,0,,,,92,25.3,0,,100.0,29.2
85-039-N,ST85,0,23,,23,0.0,26.1,0,0.0,0,,,,0,0.0,0,,,,0,0.0,0,,,,0,0.0,0,,,,1,4.3,17176,,0.0,100.0,0,0.0,0,,,,0,0.0,0,,,,0,0.0,0,,,,0,0.0,0,,,,22,95.7,0,,0.0,22.7
85-040-H,ST85,1091,503,,504,99.8,39.3,483,95.8,891908,1978,99.8,38.8,0,0.0,0,,,,2,0.4,1950,1977,100.0,0.0,0,0.0,0,,,,0,0.0,0,,,,0,0.0,0,,,,0,0.0,0,,,,1,0.2,0,,100.0,,0,0.0,0,,,,18,3.6,0,,100.0,66.7
86-001-H,ST86,703,314,,314,100.0,20.1,310,98.7,1079320,2018,100.0,19.3,0,0.0,0,,,,3,1.0,0,,100.0,66.7,0,0.0,0,,,,0,0.0,0,,,,0,0.0,0,,,,0,0.0,0,,,,0,0.0,0,,,,0,0.0,0,,,,1,0.3,0,,100.0,100.0
86-002-H,ST86,838,374,,374,100.0,69.3,370,98.9,1115866,2017,100.0,69.0,0,0.0,0,,,,3,0.8,0,,100.0,100.0,0,0.0,0,,,,0,0.0,0,,,,0,0.0,0,,,,0,0.0,0,,,,0,0.0,0,,,,0,0.0,0,,,,1,0.3,0,,100.0,100.0
86-003-H,ST86,1567,720,,720,100.0,92.9,628,87.2,1531292,2018,100.0,91.9,0,0.0,0,,,,91,12.6,221863,2021,100.0,100.0,0,0.0,0,,,,0,0.0,0,,,,0,0.0,0,,,,0,0.0,0,,,,0,0.0,0,,,,0,0.0,0,,,,1,0.1,0,,100.0,100.0
86-004-H,ST86,757,347,,347,100.0,100.0,334,96.3,874285,2022,100.0,100.0,0,0.0,0,,,,3,0.9,0,,100.0,100.0,0,0.0,0,,,,0,0.0,0,,,,0,0.0,0,,,,0,0.0,0,,,,0,0.0,0,,,,0,0.0,0,,,,10,2.9,0,,100.0,100.0
86-005-H,ST86,540,242,,242,100.0,5.4,237,97.9,794778,2015,100.0,0.0,0,0.0,0,,,,4,1.7,0,,100.0,50.0,0,0.0,0,,,,0,0.0,0,,,,0,0.0,0,,,,0,0.0,0,,,,0,0.0,0,,,,0,0.0,0,,,,1,0.4,0,,100.0,
86-006-H,ST86,744,362,,362,100.0,91.6,242,66.9,570246,2015,100.0,87.1,0,0.0,0,,,,119,32.9,302354,2017,100.0,100.0,0,0.0,0,,,,0,0.0,0,,,,0,0.0,0,,,,0,0.0,0,,,,0,0.0,0,,,,1,0.3,28579,,100.0,100.0,0,0.0,0,,,
86-007-H,ST86,1224,277,,722,100.0,99.9,217,30.1,509371,2019,100.0,99.5,0,0.0,0,,,,331,45.8,590130,2022,100.0,100.0,168,23.3,336499,2023,100.0,100.0,6,0.8,20578,,100.0,100.0,0,0.0,0,,,,0,0.0,0,,,,0,0.0,0,,,,0,0.0,0,,,,0,0.0,0,,,
86-008-H,ST86,930,424,,424,100.0,99.8,411,96.9,1232419,2020,100.0,99.8,0,0.0,0,,,,3,0.7,0,,100.0,100.0,0,0.0,0,,,,6,1.4,48123,,100.0,100.0,0,0.0,0,,,,0,0.0,0,,,,0,0.0,0,,,,1,0.2,0,,100.0,100.0,3,0.7,0,,100.0,100.0
86-009-H,ST86,1017,452,,452,100.0,,451,99.8,1245353,2012,100.0,,0,0.0,0,,,,1,0.2,0,,100.0,,0,0.0,0,,,,0,0.0,0,,,,0,0.0,0,,,,0,0.0,0,,,,0,0.0,0,,,,0,0.0,0,,,,0,0.0,0,,,
86-010-H,ST86,421,188,,188,100.0,100.0,187,99.5,461151,2007,100.0,100.0,0,0.0,0,,,,0,0.0,0,,,,0,0.0,0,,,,1,0.5,0,,100.0,100.0,0,0.0,0,,,,0,0.0,0,,,,0,0.0,0,,,,0,0.0,0,,,,0,0.0,0,,,
86-011-H,ST86,0,16,,16,100.0,93.8,0,0.0,0,,,,0,0.0,0,,,,0,0.0,0,,,,0,0.0,0,,,,15,93.8,188487,,100.0,93.3,0,0.0,0,,,,1,6.2,0,,100.0,100.0,0,0.0,0,,,,0,0.0,0,,,,0,0.0,0,,,
86-012-H,ST86,293,155,,155,100.0,100.0,104,67.1,343938,2021,100.0,100.0,0,0.0,0,,,,35,22.6,324399,2023,100.0,100.0,0,0.0,0,,,,8,5.2,169433,,100.0,100.0,0,0.0,0,,,,2,1.3,53555,,100.0,100.0,0,0.0,0,,,,0,0.0,0,,,,6,3.9,0,,100.0,100.0
86-013-H,ST86,285,137,,137,100.0,100.0,126,92.0,367319,2023,100.0,100.0,0,0.0,0,,,,1,0.7,0,,100.0,100.0,0,0.0,0,,,,8,5.8,20916,,100.0,100.0,0,0.0,0,,,,0,0.0,0,,,,0,0.0,0,,,,0,0.0,0,,,,2,1.5,0,,100.0,100.0
86-014-H,ST86,0,1,,1,100.0,100.0,0,0.0,0,,,,0,0.0,0,,,,0,0.0,0,,,,0,0.0,0,,,,1,100.0,0,,100.0,100.0,0,0.0,0,,,,0,0.0,0,,,,0,0.0,0,,,,0,0.0,0,,,,0,0.0,0,,,
86-015-N,ST86,5,2,,2,0.0,100.0,2,100.0,8300,2012,0.0,100.0,0,0.0,0,,,,0,0.0,0,,,,0,0.0,0,,,,0,0.0,0,,,,0,0.0,0,,,,0,0.0,0,,,,0,0.0,0,,,,0,0.0,0,,,,0,0.0,0,,,
86-016-H,ST86,981,436,,436,100.0,100.0,434,99.5,1203591,2016,100.0,,0,0.0,0,,,,2,0.5,0,,100.0,100.0,0,0.0,0,,,,0,0.0,0,,,,0,0.0,0,,,,0,0.0,0,,,,0,0.0,0,,,,0,0.0,0,,,,0,0.0,0,,,
86-017-H,ST86,652,290,,290,100.0,0.0,289,99.7,619422,2016,100.0,0.0,0,0.0,0,,,,1,0.3,0,,100.0,0.0,0,0.0,0,,,,0,0.0,0,,,,0,0.0,0,,,,0,0.0,0,,,,0,0.0,0,,,,0,0.0,0,,,,0,0.0,0,,,
86-018-H,ST86,2,3,,3,100.0,0.0,1,33.3,3012,2024,100.0,0.0,0,0.0,0,,,,0,0.0,0,,,,0,0.0,0,,,,0,0.0,0,,,,0,0.0,0,,,,0,0.0,0,,,,0,0.0,0,,,,0,0.0,0,,,,2,66.7,0,,100.0,0.0
86-019-H,ST86,342,4,,207,100.0,99.0,0,0.0,0,,,,0,0.0,0,,,,204,98.6,277935,2024,100.0,100.0,0,0.0,0,,,,2,1.0,0,,100.0,50.0,0,0.0,0,,,,0,0.0,0,,,,0,0.0,0,,,,0,0.0,0,,,,1,0.5,0,,100.0,0.0
86-020-H,ST86,667,365,,365,100.0,100.0,110,30.1,303048,2023,100.0,100.0,0,0.0,0,,,,250,68.5,324399,2023,100.0,100.0,0,0.0,0,,,,0,0.0,0,,,,0,0.0,0,,,,0,0.0,0,,,,0,0.0,0,,,,0,0.0,0,,,,5,1.4,0,,100.0,100.0
86-021-H,ST86,1281,569,,569,100.0,0.9,568,99.8,1586702,2019,100.0,0.9,0,0.0,0,,,,1,0.2,0,,100.0,,0,0.0,0,,,,0,0.0,0,,,,0,0.0,0,,,,0,0.0,0,,,,0,0.0,0,,,,0,0.0,0,,,,0,0.0,0,,,
86-022-H,ST86,941,424,,424,100.0,0.0,417,98.3,1140134,2021,100.0,0.0,0,0.0,0,,,,1,0.2,0,,100.0,0.0,0,0.0,0,,,,0,0.0,0,,,,0,0.0,0,,,,0,0.0,0,,,,0,0.0,0,,,,0,0.0,0,,,,6,1.4,0,,100.0,
86-023-H,ST86,286,161,,161,100.0,1.6,124,77.0,411858,2023,100.0,0.0,0,0.0,0,,,,4,2.5,0,,100.0,25.0,0,0.0,0,,,,0,0.0,0,,,,0,0.0,0,,,,0,0.0,0,,,,0,0.0,0,,,,0,0.0,0,,,,33,20.5,0,,100.0,0.0
86-024-H,ST86,14,102,,102,45.1,0.0,6,5.9,15552,2024,0.0,0.0,0,0.0,0,,,,0,0.0,0,,,,0,0.0,0,,,,2,2.0,318268,,100.0,0.0,0,0.0,0,,,,0,0.0,0,,,,0,0.0,0,,,,0,0.0,0,,,,94,92.2,0,,46.8,0.0
86-025-H,ST86,470,177,,361,67.9,80.9,71,19.7,175152,2024,66.2,93.0,0,0.0,0,,,,185,51.2,505999,2024,100.0,100.0,0,0.0,0,,,,0,0.0,0,,,,0,0.0,0,,,,0,0.0,0,,,,0,0.0,0,,,,0,0.0,0,,,,105,29.1,0,,12.4,39.0
86-027-N,ST86,0,1,,1,0.0,100.0,0,0.0,0,,,,0,0.0,0,,,,0,0.0,0,,,,0,0.0,0,,,,0,0.0,0,,,,0,0.0,0,,,,0,0.0,0,,,,0,0.0,0,,,,1,100.0,0,,0.0,100.0,0,0.0,0,,,
86-028-N,ST86,28,21,,22,50.0,100.0,11,50.0,63877,2008,54.5,100.0,0,0.0,0,,,,2,9.1,7264,2005,100.0,100.0,0,0.0,0,,,,0,0.0,0,,,,0,0.0,0,,,,0,0.0,0,,,,0,0.0,0,,,,1,4.5,0,,100.0,100.0,8,36.4,0,,25.0,100.0
86-029-H,ST86,4,211,,211,0.5,67.5,1,0.5,4037,2024,0.0,100.0,0,0.0,0,,,,1,0.5,0,,0.0,100.0,0,0.0,0,,,,0,0.0,0,,,,0,0.0,0,,,,0,0.0,0,,,,0,0.0,0,,,,0,0.0,0,,,,209,99.1,0,,0.5,67.1
86-030-H,ST86,310,186,,186,83.3,100.0,137,73.7,445333,2022,100.0,100.0,0,0.0,0,,,,1,0.5,0,,100.0,,0,0.0,0,,,,0,0.0,0,,,,0,0.0,0,,,,0,0.0,0,,,,0,0.0,0,,,,0,0.0,0,,,,48,25.8,0,,35.4,100.0
86-031-H,ST86,467,242,,242,100.0,0.0,205,84.7,503385,2023,100.0,0.0,0,0.0,0,,,,3,1.2,0,,100.0,0.0,0,0.0,0,,,,0,0.0,0,,,,0,0.0,0,,,,0,0.0,0,,,,0,0.0,0,,,,0,0.0,0,,,,34,14.0,0,,100.0,0.0
86-032-H,ST86,8,219,,219,76.3,0.0,2,0.9,6236,2024,0.0,0.0,0,0.0,0,,,,2,0.9,0,,50.0,0.0,0,0.0,0,,,,0,0.0,0,,,,0,0.0,0,,,,0,0.0,0,,,,0,0.0,0,,,,0,0.0,0,,,,215,98.2,0,,77.2,0.0
86-033-H,ST86,120,173,,173,17.9,19.2,48,27.7,164342,2024,35.4,0.0,0,0.0,0,,,,7,4.0,0,,28.6,40.0,0,0.0,0,,,,0,0.0,0,,,,0,0.0,0,,,,0,0.0,0,,,,0,0.0,0,,,,0,0.0,0,,,,118,68.2,0,,10.2,24.3
86-036-H,ST86,49,28,,29,82.8,100.0,19,65.5,93240,2010,89.5,100.0,0,0.0,0,,,,4,13.8,9771,2020,75.0,100.0,0,0.0,0,,,,0,0.0,0,,,,0,0.0,0,,,,0,0.0,0,,,,0,0.0,0,,,,0,0.0,0,,,,6,20.7,0,,66.7,100.0
86-037-H,ST86,6,131,,131,1.5,74.0,1,0.8,3877,2024,0.0,100.0,0,0.0,0,,,,2,1.5,0,,0.0,100.0,0,0.0,0,,,,0,0.0,0,,,,0,0.0,0,,,,0,0.0,0,,,,0,0.0,0,,,,0,0.0,0,,,,128,97.7,0,,1.6,73.4
86-038-H,ST86,87,155,,155,80.0,100.0,38,24.5,114597,2024,100.0,100.0,0,0.0,0,,,,1,0.6,0,,100.0,100.0,0,0.0,0,,,,0,0.0,0,,,,0,0.0,0,,,,0,0.0,0,,,,0,0.0,0,,,,0,0.0,0,,,,116,74.8,0,,73.3,100.0
86-039-H,ST86,569,307,,307,100.0,95.7,138,45.0,349111,2024,100.0,25.0,0,0.0,0,,,,154,50.2,220462,2024,100.0,99.4,0,0.0,0,,,,0,0.0,0,,,,0,0.0,0,,,,0,0.0,0,,,,0,0.0,0,,,,0,0.0,0,,,,15,4.9,0,,100.0,
86-040-H,ST86,70,152,,152,100.0,3.9,28,18.4,82801,2024,100.0,0.0,0,0.0,0,,,,4,2.6,0,,100.0,50.0,0,0.0,0,,,,1,0.7,0,,100.0,0.0,0,0.0,0,,,,0,0.0,0,,,,0,0.0,0,,,,0,0.0,0,,,,119,78.3,0,,100.0,0.0
86-041-H,ST86,13,14,,14,92.9,20.0,5,35.7,22369,2024,80.0,0.0,0,0.0,0,,,,1,7.1,0,,100.0,100.0,0,0.0,0,,,,0,0.0,0,,,,0,0.0,0,,,,0,0.0,0,,,,0,0.0,0,,,,0,0.0,0,,,,8,57.1,0,,100.0,0.0
86-043-N,ST86,0,1,,1,0.0,100.0,0,0.0,0,,,,0,0.0,0,,,,0,0.0,0,,,,0,0.0,0,,,,0,0.0,0,,,,0,0.0,0,,,,0,0.0,0,,,,0,0.0,0,,,,1,100.0,0,,0.0,100.0,0,0.0,0,,,
86-046-H,ST86,47,147,,147,90.5,100.0,21,14.3,62687,2024,100.0,100.0,0,0.0,0,,,,0,0.0,0,,,,0,0.0,0,,,,0,0.0,0,,,,0,0.0,0,,,,0,0.0,0,,,,0,0.0,0,,,,0,0.0,0,,,,126,85.7,0,,88.9,100.0
86-047-H,ST86,590,322,,322,100.0,99.3,99,30.7,358033,2024,100.0,97.4,0,0.0,0,,,,219,68.0,269548,2024,100.0,100.0,0,0.0,0,,,,0,0.0,0,,,,0,0.0,0,,,,0,0.0,0,,,,0,0.0,0,,,,0,0.0,0,,,,4,1.2,0,,100.0,100.0
86-048-H,ST86,221,303,,303,41.3,9.3,95,31.4,328560,2023,90.5,0.0,0,0.0,0,,,,4,1.3,0,,0.0,100.0,0,0.0,0,,,,1,0.3,10608,,100.0,100.0,0,0.0,0,,,,0,0.0,0,,,,0,0.0,0,,,,0,0.0,0,,,,203,67.0,0,,18.7,5.6
86-049-N,ST86,235,239,,239,0.0,28.5,103,43.1,326595,2024,0.0,0.0,0,0.0,0,,,,2,0.8,0,,0.0,100.0,0,0.0,0,,,,0,0.0,0,,,,0,0.0,0,,,,0,0.0,0,,,,0,0.0,0,,,,0,0.0,0,,,,134,56.1,0,,0.0,49.3
86-050-N,ST86,2,4,,4,0.0,100.0,0,0.0,0,,,,0,0.0,0,,,,1,25.0,0,,0.0,100.0,0,0.0,0,,,,0,0.0,0,,,,0,0.0,0,,,,0,0.0,0,,,,0,0.0,0,,,,0,0.0,0,,,,3,75.0,0,,0.0,100.0
86-051-N,ST86,0,1,,1,0.0,100.0,0,0.0,0,,,,0,0.0,0,,,,0,0.0,0,,,,0,0.0,0,,,,0,0.0,0,,,,0,0.0,0,,,,0,0.0,0,,,,0,0.0,0,,,,1,100.0,0,,0.0,100.0,0,0.0,0,,,
86-055-N,ST86,0,1,,1,0.0,100.0,0,0.0,0,,,,0,0.0,0,,,,0,0.0,0,,,,0,0.0,0,,,,0,0.0,0,,,,0,0.0,0,,,,0,0.0,0,,,,0,0.0,0,,,,1,100.0,0,,0.0,100.0,0,0.0,0,,,
86-056-N,ST86,0,1,,1,0.0,100.0,0,0.0,0,,,,0,0.0,0,,,,0,0.0,0,,,,0,0.0,0,,,,0,0.0,0,,,,0,0.0,0,,,,0,0.0,0,,,,0,0.0,0,,,,1,100.0,0,,0.0,100.0,0,0.0,0,,,
86-061-N,ST86,0,1,,1,0.0,100.0,0,0.0,0,,,,0,0.0,0,,,,0,0.0,0,,,,0,0.0,0,,,,0,0.0,0,,,,0,0.0,0,,,,0,0.0,0,,,,0,0.0,0,,,,1,100.0,1656,,0.0,100.0,0,0.0,0,,,
86-064-N,ST86,0,1,,1,0.0,100.0,0,0.0,0,,,,0,0.0,0,,,,0,0.0,0,,,,0,0.0,0,,,,0,0.0,0,,,,0,0.0,0,,,,0,0.0,0,,,,0,0.0,0,,,,1,100.0,0,,0.0,100.0,0,0.0,0,,,
86-065-N,ST86,0,2,,2,0.0,50.0,0,0.0,0,,,,0,0.0,0,,,,0,0.0,0,,,,0,0.0,0,,,,0,0.0,0,,,,0,0.0,0,,,,0,0.0,0,,,,0,0.0,0,,,,1,50.0,0,,0.0,100.0,1,50.0,0,,0.0,0.0
86-068-N,ST86,0,1,,1,0.0,0.0,0,0.0,0,,,,0,0.0,0,,,,0,0.0,0,,,,0,0.0,0,,,,0,0.0,0,,,,0,0.0,0,,,,0,0.0,0,,,,0,0.0,0,,,,0,0.0,0,,,,1,100.0,0,,0.0,0.0
86-070-N,ST86,0,1,,1,0.0,100.0,0,0.0,0,,,,0,0.0,0,,,,0,0.0,0,,,,0,0.0,0,,,,0,0.0,0,,,,0,0.0,0,,,,0,0.0,0,,,,0,0.0,0,,,,1,100.0,0,,0.0,100.0,0,0.0,0,,,
86-071-N,ST86,0,1,,1,0.0,100.0,0,0.0,0,,,,0,0.0,0,,,,0,0.0,0,,,,0,0.0,0,,,,0,0.0,0,,,,0,0.0,0,,,,0,0.0,0,,,,0,0.0,0,,,,1,100.0,0,,0.0,100.0,0,0.0,0,,,
86-073-N,ST86,0,1,,1,0.0,100.0,0,0.0,0,,,,0,0.0,0,,,,0,0.0,0,,,,0,0.0,0,,,,0,0.0,0,,,,0,0.0,0,,,,0,0.0,0,,,,0,0.0,0,,,,1,100.0,0,,0.0,100.0,0,0.0,0,,,
86-078-N,ST86,0,1,,1,0.0,100.0,0,0.0,0,,,,0,0.0,0,,,,0,0.0,0,,,,0,0.0,0,,,,0,0.0,0,,,,0,0.0,0,,,,0,0.0,0,,,,0,0.0,0,,,,1,100.0,0,,0.0,100.0,0,0.0,0,,,
86-079-N,ST86,0,1,,1,0.0,100.0,0,0.0,0,,,,0,0.0,0,,,,0,0.0,0,,,,0,0.0,0,,,,0,0.0,0,,,,0,0.0,0,,,,0,0.0,0,,,,0,0.0,0,,,,1,100.0,0,,0.0,100.0,0,0.0,0,,,
86-080-N,ST86,0,1,,1,0.0,100.0,0,0.0,0,,,,0,0.0,0,,,,0,0.0,0,,,,0,0.0,0,,,,0,0.0,0,,,,0,0.0,0,,,,0,0.0,0,,,,0,0.0,0,,,,1,100.0,0,,0.0,100.0,0,0.0,0,,,
86-082-N,ST86,0,1,,1,0.0,100.0,0,0.0,0,,,,0,0.0,0,,,,0,0.0,0,,,,0,0.0,0,,,,0,0.0,0,,,,0,0.0,0,,,,0,0.0,0,,,,0,0.0,0,,,,1,100.0,0,,0.0,100.0,0,0.0,0,,,
